episode,global_step,episode_reward,running_avg_reward,eval_reward,mean_energy,mean_energy_norm,mean_queue,mean_queue_ratio,mean_throughput_norm,q1_loss,actor_loss,alpha
1,1150,-257.00417007627044,-257.00417007627044,0.0,9.684326429605278,0.19368652859210575,4.2556521739130435,0.015886073601424456,0.03840579710144928,0.0,0.0,0.0
2,2298,-222.98761984180447,-239.99589495903746,0.0,8.707344468736276,0.17395483270029163,4.158536585365853,0.015523547406975686,0.03861788617886184,0.0,0.0,0.0
3,3453,-124.25542962677186,-201.41573984828224,0.0,5.690883399829291,0.1138176679965857,4.341991341991342,0.016208372117075126,0.03730158730158729,0.0,0.0,0.0
4,4603,-126.90198982363961,-182.7873023421216,0.0,5.804962882992657,0.11609925765985277,4.523478260869565,0.01688585101647119,0.03724637681159425,0.0,0.0,0.0
5,5757,-214.96385395610778,-189.2226126649188,0.0,8.40238711050123,0.16804774221002464,4.2538994800693235,0.015879530908961794,0.03798382437897169,1.9385529630141711,-16.819599976566543,1.0884559419507402
6,6948,-262.75894890484494,-201.47866870490648,0.0,9.513721526813725,0.19027443053627413,4.214945424013434,0.015734117943736043,0.03799328295549962,1.1783161878952801,-27.04124652559732,0.9205425718675949
7,8097,-262.3267701525086,-210.1712546259925,0.0,9.903011664901232,0.19806023329802447,4.265448215839861,0.015922641590699057,0.04046997389033949,1.17749309534985,-34.872313638497324,0.791539707602879
8,9251,-261.9085518008185,-216.63841677284574,0.0,9.780138028831153,0.19560276057662335,4.288561525129983,0.016008922075463825,0.03697284806470253,1.2284402903151872,-40.706492339160995,0.6868490616274912
9,10398,-261.62636284933865,-221.6370774480116,0.0,9.83320115152862,0.19666402303057215,4.340017436791631,0.016201003656965293,0.037707061900610336,1.2310936744731098,-44.90508819641043,0.6021165734839717
10,11551,-262.86074821494,-225.75944452470443,-80.82984901814687,9.870635527759754,0.1973235325731767,4.274067649609714,0.015954817378022547,0.03808904307603358,1.2386657786947903,-47.904440556354345,0.5322462972162589
11,12742,-269.9632064183799,-229.77796833322037,-80.82984901814687,9.659202991772203,0.19315048975010085,4.243492863140218,0.015840683682797202,0.037223621606493194,1.2494820564481064,-49.99658311728975,0.4727117882414365
12,13893,-260.68119896122266,-232.35323755222058,-80.82984901814687,9.833932452655398,0.19622211650346813,4.248479582971329,0.01585929878455588,0.03902403706921524,1.2779460198555685,-51.27121242037793,0.4248798842505643
13,15086,-258.4236752600443,-234.35865583743782,-80.82984901814687,9.316126249641107,0.1863225249928224,4.111483654652138,0.01534790186783531,0.03737077395920659,1.303686596288475,-52.008136943811785,0.3833555424423624
14,16238,-266.0919100717204,-236.6253168541723,-80.82984901814687,9.936650719187908,0.19873301438375823,4.301215277777778,0.016056157713547514,0.03804976851851861,1.345653041503811,-52.31916580363891,0.34951312678961133
15,17390,-270.2401289095276,-238.8663043245293,-80.82984901814687,10.042271624837818,0.20084543249675657,4.216145833333333,0.015738598993885047,0.03877314814814817,1.4136374216229408,-52.34496591325641,0.32067809604753517
16,18584,-268.0970553094577,-240.69322626108732,-80.82984901814687,9.627885812887236,0.19253303269063388,4.1373534338358455,0.015444472075965615,0.0372696817420436,1.5017656461210604,-52.154853841418074,0.2950739947269353
17,19776,-289.9907587662115,-243.59308111432995,-80.82984901814687,10.387299036902064,0.2077459807380411,4.178691275167785,0.015598783557046848,0.038870246085011245,1.6243725478015862,-51.828919387258445,0.2730906660599035
18,20927,-265.99802252574807,-244.83780008163092,-80.82984901814687,9.987477418561802,0.19974954837123618,4.3588184187662895,0.016271186503500384,0.03844483058210258,1.7492163634551703,-51.42288665695393,0.25467091159123717
19,22120,-282.1608835764875,-246.8021728971497,-80.82984901814687,9.984782037830177,0.19969564075660368,4.24056999161777,0.015829772792941642,0.037510477787091476,1.860162757447192,-50.91001096696674,0.2379628696437725
20,23272,-249.48862420321586,-246.93649546245302,-261.1273617897175,9.326902326367122,0.18653804652734252,4.1875,0.015631665955631306,0.03833912037037043,1.951576013632389,-50.34051082379627,0.22376222846286364
1,1150,-42.01702255548315,-42.01702255548315,0.0,8.946989970464019,0.11183737463080046,4.486086956521739,0.016746271702032883,0.07681159420289865,0.0,0.0,0.0
2,2302,18.436860383944865,-11.790081085769144,0.0,5.743506736310547,0.07179383420388177,4.348958333333333,0.01623437944397035,0.07653356481481491,0.0,0.0,0.0
3,3457,-47.65506177383511,-23.7450746484578,0.0,9.364151635722296,0.11705189544652882,4.219047619047619,0.01574943117178606,0.08037518037518045,1.3543505353715786,-20.23015675303968,1.0426721723296015
4,4648,-60.78549249487526,-33.00517911006216,0.0,9.5463810317769,0.11932976289721102,4.127623845507976,0.015408152153666643,0.0752868737755388,1.0442712281732467,-30.36898704002524,0.8844740455444254
5,5803,-60.64382673152887,-38.5329086343555,0.0,9.695135019324368,0.12118918774155434,4.232900432900433,0.01580114282759328,0.07460317460317462,1.0708081489067731,-38.027446677521986,0.7619925584166927
6,6955,-63.560540028870285,-42.704180533441296,0.0,9.997402653845787,0.12496753317307213,4.263888888888888,0.01591682072430785,0.07494212962962978,1.1006234348755692,-43.76343191007628,0.6631932854129098
7,8104,-64.5644999013923,-45.82708330029144,0.0,9.921960726114273,0.12402450907642863,4.262837249782419,0.015912895023718426,0.07412242529736013,1.075996372213393,-47.98066629859946,0.5827611957277571
8,9252,-63.670914047249475,-48.057562143661194,0.0,9.947477893412868,0.12434347366766076,4.338850174216028,0.016196646341463335,0.0757839721254357,1.087506054499002,-51.018147411737324,0.5165917512366985
9,10445,-65.66570159889255,-50.014022083131344,0.0,9.829956190934338,0.12287445238667956,4.142497904442582,0.015463676051140124,0.07585917854149213,1.0893124670268084,-53.20657632822412,0.45975579526770805
10,11598,-71.19665612032291,-52.132285486850506,15.93029377035191,10.358016531323804,0.1294752066415473,4.269731136166522,0.01593862945454643,0.07444348077479047,1.0687851028389121,-54.59225869685507,0.41400595725632344
11,12747,-70.55832931090897,-53.80738037994673,15.93029377035191,10.043188991809755,0.12553986239762183,4.268929503916449,0.015935637013339957,0.07194662024949244,1.0395653369441589,-55.42122182346827,0.3755981812115354
12,13899,-63.930769270151146,-54.650996120797096,15.93029377035191,9.874182877728236,0.12342728597160296,4.131076388888888,0.015421040274222503,0.07740162037037047,1.0194133750109569,-55.824926573764046,0.34290276102430145
13,15055,-74.38945949406273,-56.16933945720215,15.93029377035191,10.771115165292581,0.13463893956615725,4.211937716262976,0.015722890365742665,0.07799884659746265,1.0082905827462203,-55.90701055290341,0.31485529120142575
14,16247,-73.43077325620686,-57.402299014273915,15.93029377035191,10.360801088839251,0.12951001361049078,4.181208053691275,0.01560817852807098,0.07718120805369132,0.9825727631306197,-55.741185841474206,0.2900239669775417
15,17396,-72.51936146122367,-58.4101031774039,15.93029377035191,10.486867140394946,0.13108583925493658,4.207136640557006,0.015704968261464856,0.0757180156657964,0.9577779370754601,-55.397960036383196,0.26930087310672324
16,18590,-60.946876455109205,-58.568651507260476,15.93029377035191,9.700758211681958,0.12125947764602447,4.131490787269682,0.015422587196505766,0.08054159687325525,0.937181744121922,-54.89272131154017,0.2505126295737348
17,19740,-76.2156195610791,-59.60670845160274,15.93029377035191,10.839598415012635,0.13549498018765785,4.354782608695652,0.016256121086214503,0.07797101449275373,0.9178813863548878,-54.30207961670903,0.23463046878386587
18,20931,-78.7867833536282,-60.67226816838193,15.93029377035191,9.892761385755698,0.1236595173219463,4.150293870696893,0.015492777887626959,0.07178841309823683,0.8962419854568311,-53.61245856359348,0.22010714806726966
19,22085,-85.06377431487869,-61.9560316497765,15.93029377035191,11.190963517381318,0.13988704396726656,4.353552859618717,0.016251530512655127,0.0755343731946853,0.8770725042555895,-52.88702756765975,0.20761960741666804
20,23237,-75.58588840110976,-62.63752448734316,-71.29039490095596,10.548967261720145,0.13186209077150204,4.269965277777778,0.01593950348999802,0.07609953703703715,0.8570210601981079,-52.121006551116515,0.19647587825616492
1,1150,-13.064948703018548,-13.064948703018548,0.0,7.1759048723941685,0.08969881090492698,4.379130434782609,0.016347009942127844,0.07826086956521748,0.0,0.0,0.0
2,2298,25.990290491763307,6.46267089437238,0.0,4.75812610547475,0.05947657631843444,4.256968641114983,0.01589098788812111,0.07302555168408838,0.0,0.0,0.0
3,3490,-24.462454793958265,-3.8457043350711686,0.0,7.275469570889646,0.09094336963612076,4.209731543624161,0.015714654866344352,0.07410514541387034,1.163111613361689,-20.755173490639677,1.0383155612525974
4,4638,-28.636130394054796,-10.043310849817075,0.0,7.796469737638406,0.09745587172048023,4.304878048780488,0.016069830600183035,0.07592915214866443,0.9746754681188222,-30.55248689278794,0.886184115956116
5,5795,-28.94749342288165,-13.82414736442999,0.0,7.794718255952777,0.09743397819940974,4.296456352636128,0.01603839295459302,0.07605877268798628,0.9805940640048157,-38.350202518512,0.7631294046417844
6,6988,-31.562882258249974,-16.780603180066652,0.0,7.585936140182413,0.09482420175228028,4.086336965632858,0.015254030908399031,0.07278569432802472,1.0130634630725233,-44.3577718476528,0.6608187195898323
7,8137,-32.75863164072921,-19.06317867444702,0.0,7.876455090573389,0.09845568863216732,4.211488250652741,0.01572121253976595,0.07339715694807089,1.0055510726679115,-48.54490034349208,0.5806891418352033
8,9285,-28.656691722482634,-20.262367805451472,0.0,7.83270254854891,0.09790878185686136,4.276132404181185,0.015962524972945934,0.07650987224157955,0.9821218202172446,-51.54045836159631,0.5148062298732755
9,10435,-28.540819856730078,-21.182195811149096,0.0,7.853115694299113,0.09816394617873905,4.165217391304348,0.015548486422317761,0.07652173913043488,0.9531165203918652,-53.61365575523979,0.4600574729186258
10,11585,-34.77956968446038,-22.541933198480223,38.59981281830406,7.844065835880985,0.09805082294851224,4.2556521739130435,0.015886073601424473,0.07304347826086963,0.925255358353786,-54.971442333135684,0.4142565751671726
11,12735,-34.27456379941097,-23.608535980383014,38.59981281830406,7.8318841476221275,0.09789855184527672,4.233913043478261,0.0158049228372161,0.07318840579710155,0.8994085853760803,-55.77927028309358,0.3756455342957877
12,13887,-30.719684872203437,-24.201131721368053,38.59981281830406,7.969010547816528,0.09961263184770663,4.228298611111111,0.015783964525265377,0.0779803240740742,0.8685368699006072,-56.16795817347539,0.34280481095124854
13,15038,-31.88793865352079,-24.792424562302877,38.59981281830406,8.095604483916576,0.10119505604895712,4.321459600347524,0.016131728456928607,0.07717926440776149,0.8472336845497361,-56.23468666359993,0.31474285016464315
14,16229,-36.475572278121774,-25.6269351134328,38.59981281830406,7.766360383297719,0.09707950479122138,4.261964735516373,0.01590963798454269,0.07164847467114481,0.8145631988800184,-56.05552731972196,0.28980071479838476
15,17379,-38.24801429545627,-26.468340392234367,38.59981281830406,8.13775234124222,0.1017219042655279,4.199130434782609,0.015675081614482837,0.07478260869565218,0.7797564360761993,-55.69668280640654,0.2689554138482114
16,18538,-38.34843845107522,-27.210846520911918,38.59981281830406,8.089187732127625,0.10111484665159517,4.2743744607420195,0.015955962684083825,0.07578372159907971,0.7511064055911212,-55.195717604277455,0.25060443603048477
17,19729,-39.219603030236534,-27.917243962636896,38.59981281830406,7.930749975100285,0.09913437468875369,4.06801007556675,0.015185617816215368,0.07416736635880224,0.7232449282461587,-54.56864257272928,0.234057406819411
18,20877,-43.43159689212646,-28.77915245871965,38.59981281830406,8.565655988361494,0.10707069985451871,4.355400696864112,0.016258428369266564,0.07346109175377478,0.7008086974435308,-53.88515953278823,0.219973744976515
19,22027,-26.92075015431166,-28.68134181111923,38.59981281830406,7.804727301967244,0.09755909127459063,4.144347826086957,0.015470581688677832,0.07724637681159438,0.6786323821945341,-53.14329038730143,0.20742140531759415
20,23183,-22.192418241659787,-28.356895632646257,-15.023390682647179,7.205187007848379,0.09006483759810487,4.228373702422146,0.015784244836260092,0.07684544405997695,0.6543479303225697,-52.3525919876964,0.19613255078140462
1,1151,-34.592946983954455,-34.592946983954455,0.0,8.188285109782813,0.10235356387228521,4.318853171155516,0.016121998825772445,0.0,0.07616565305531425,0.007037766536295775,0.0,0.0,0.0
2,2301,13.64999525768898,-10.471475863132738,0.0,5.6720447835238685,0.07090055979404834,4.286086956521739,0.01599968467131613,0.0,0.07608695652173914,0.007014672058168856,0.0,0.0,0.0
3,3455,14.322124406480912,-2.2069424399281883,0.0,5.804397904342432,0.07255497380428044,4.327556325823223,0.01615448713777859,0.0,0.0778451761987291,0.0070065316660849995,0.0,0.0,0.0
4,4647,16.700647149311866,2.519954957381825,0.0,5.452187953530924,0.06815234941913648,4.197147651006711,0.01566768001122376,0.0,0.07606263982102908,0.006761247480358236,0.0,0.0,0.0
5,5799,13.214258554771273,4.658815676859715,0.0,5.639380267885743,0.0704922533485719,4.296875,0.016039955738054515,0.0,0.0753761574074075,0.007041378549251027,0.0,0.0,0.0
6,6992,12.797629845383888,6.015284704947077,0.0,5.545995064411284,0.06932493830514118,4.207041072925398,0.01570461151369328,0.0,0.07376362112321883,0.006805644559131896,0.0,0.0,0.0
7,8142,10.30980123501889,6.6287870663859065,0.0,5.833950623237514,0.0729243827904688,4.2956521739130435,0.01603539100756783,0.0,0.07420289855072472,0.007021164119305522,0.0,0.0,0.0
8,9293,20.8289699061404,8.403809921355219,0.0,5.721805564829388,0.0715225695603674,4.305821025195482,0.016073350669991576,0.0,0.0825369244135536,0.006992361590900308,0.0,0.0,0.0
9,10444,9.13442955252078,8.484989880373615,0.0,5.657184133438031,0.07071480166797547,4.304952215464813,0.016070107459606253,0.0,0.07211120764552566,0.006969659118202593,0.0,0.0,0.0
10,11601,7.9369519189112125,8.430186084227376,47.77720398701747,5.679355610406397,0.07099194513007992,4.328435609334486,0.016157769446107792,0.0,0.07130509939498715,0.006985137949445564,0.0,0.0,0.0
11,12793,-27.039929947884296,5.205630081308133,47.77720398701747,7.530735535252467,0.09413419419065566,4.169463087248322,0.015564335329958425,0.0,0.07620246085011195,0.006861460504615517,1.3078698926330814,-18.076548721106438,1.0840617716312408
12,13941,-46.621481015590504,0.8867041565665795,47.77720398701747,8.935578966941687,0.11169473708677088,4.312717770034843,0.016099095771247733,0.0,0.07984901277584217,0.007065912969283264,0.964689829667798,-28.378294516796004,0.9227968290156611
13,15093,-54.62645998478016,-3.383539238921631,47.77720398701747,8.647121117985094,0.10808901397481376,4.237847222222222,0.015819608871349974,0.0,0.06987847222222235,0.006892320374715567,0.9742233236961466,-36.78604753000954,0.7931297622192423
14,16247,-43.24823378623816,-6.231017420872812,47.77720398701747,8.81961670183563,0.11024520877294532,4.238301559792028,0.015821304884035825,0.0,0.0811669555170422,0.006951540420321646,1.0040038408160827,-43.225525463259515,0.6882033697250536
15,17398,-47.22695900920787,-8.964080193428483,47.77720398701747,8.59031687818382,0.10737896097729763,4.34144222415291,0.01620632229579259,0.0,0.07602085143353611,0.007063712219378892,1.0244716719485671,-48.010836730118285,0.6029387865906226
16,18590,-49.44923823415472,-11.494402570973872,47.77720398701747,8.340344308717706,0.10425430385897125,4.219798657718121,0.01575223475044084,0.0,0.07284675615212524,0.0068739871326476834,1.0152037719519253,-51.59534209502962,0.5306466531543734
17,19782,-50.51688787629598,-13.789842883051643,47.77720398701747,8.470388278913958,0.10587985348642459,4.183724832214765,0.015617573499095141,0.0,0.07368568232662194,0.006830143934535117,0.9964283587834407,-54.0989133275985,0.471203679621189
18,20932,-47.077103567259705,-15.639135143285424,47.77720398701747,8.89855054506569,0.11123188181332105,4.317391304347826,0.016116541771776134,0.0,0.07797101449275376,0.0070731006083988605,0.9666060398453816,-55.72781769367164,0.4235037092933072
19,22084,-45.17149685858897,-17.193469970406664,47.77720398701747,8.784981290609917,0.10981226613262389,4.364583333333333,0.016292706555745114,0.0,0.07928240740740755,0.007164513562997708,0.9372122154770124,-56.768956962600164,0.38331159842512247
20,23236,-47.52436222149772,-18.710014582961215,34.86716026824584,8.747860096301181,0.10934825120376468,4.447048611111111,0.016600544090111795,0.0,0.0772569444444445,0.007209879094378068,0.9081145589585257,-57.3523913483473,0.3492417317976161
21,24388,-49.44180183926984,-20.173433023737818,34.86716026824584,8.733107351599822,0.10916384189499762,4.355034722222222,0.01625706220966052,0.0,0.07421875000000011,0.006992772622772075,0.8738120876397586,-57.58058234756132,0.32014718057496183
22,25537,-44.085393558240135,-21.260340320760648,34.86716026824584,8.610587505172703,0.10763234381465903,4.308093994778067,0.016081835518049436,0.0,0.07716855236437496,0.006988288525116053,0.837562632113409,-57.53651691589178,0.29518884201536155
23,26729,-47.70433851835793,-22.410079372830097,34.86716026824584,8.52307059853401,0.10653838248167521,4.240771812080537,0.015830526175641856,0.0,0.0748042505592842,0.006964805185880832,0.8074656902904099,-57.270440425893234,0.2728138279007939
24,27887,-40.187130844416345,-23.150789850812856,34.86716026824584,8.34311309246424,0.10428891365580305,4.226252158894646,0.015776325251846426,0.0,0.07671272308578017,0.006921080979917108,0.7780015611770672,-56.84704851783148,0.25390925517718166
25,29044,-37.27247640883773,-23.715657313133853,34.86716026824584,7.904759961486006,0.09880949951857523,4.278305963699222,0.01597063872967921,0.0,0.07562662057044092,0.006927062899519454,0.7514580966226689,-56.29772502502569,0.23734086307077665
26,30198,-47.440060454146064,-24.628134357018936,34.86716026824584,8.249858588151792,0.10312323235189741,4.2833622183708835,0.0159895134004885,0.0,0.07047949162333911,0.006980653432784601,0.7219137647565076,-55.65478718771493,0.22274550338821197
27,31353,-48.91970221797766,-25.527822055572962,34.86716026824584,8.651163973929183,0.10813954967411465,4.244155844155844,0.015843158547936623,0.0,0.07359307359307365,0.006819474609576981,0.6939215846332782,-54.93994436387796,0.20977274120623707
28,32512,-22.763026756317743,-25.429079366313847,34.86716026824584,7.411450413887192,0.09264313017358983,4.323554788610871,0.01613954965885027,0.0,0.07837215990796668,0.006908667734630584,0.6665426098154957,-54.16735027412145,0.19814926153608448
29,33666,-27.723139020539048,-25.508184871631958,34.86716026824584,7.62990496539071,0.09537381206738385,4.176776429809358,0.015591635563494745,0.0,0.07538994800693245,0.006692758087317574,0.639954905485369,-53.359771047801395,0.1877612896576433
30,34818,-28.448740629440575,-25.60620339689224,-20.733847784640098,7.425567326322847,0.09281959157903565,4.230902777777778,0.015793685710561164,0.0,0.07508680555555555,0.00687935879432118,0.6157136595666715,-52.5260461990269,0.17840491689683574
1,1150,-46.97576911733432,-46.97576911733432,0.0,8.832469183033758,0.11040586478792218,4.430434782608696,0.01653852574565953,0.0,0.07637681159420301,0.007232156106247205,0.0,0.0,0.0
2,2297,16.984475087196685,-14.995647015068819,0.0,5.515629375232484,0.06894536719040617,4.339145597210114,0.01619774913634315,0.0,0.07686718977041565,0.007176217971797618,0.0,0.0,0.0
3,3452,-15.545574833919916,-15.178956288019185,0.0,7.055054909657242,0.0881881863707155,4.286580086580087,0.016001525493846234,0.0,0.0756132756132757,0.00692936187816732,3.3999457895492613,-14.15679023768465,1.1382492546477327
4,4601,-63.96190370957877,-27.374693143409083,0.0,9.779095300273383,0.12223869125341712,4.231505657093124,0.015795936219950783,0.0,0.07774876704380629,0.00681609917512481,1.2851076046383931,-24.79601426283072,0.9650881378614947
5,5759,-66.32314153317711,-35.164382821362686,0.0,9.82957112361583,0.12286963904519765,4.3713298791019,0.016317890973609885,0.0,0.07656879677605068,0.007088708465224824,1.0688115205237831,-33.68571554597305,0.8263014668571776
6,6914,-64.49213914003461,-40.05234220780801,0.0,9.674106813622851,0.1209263351702858,4.259740259740259,0.01590133416071976,0.0,0.0761904761904762,0.006796850760161331,0.9511884102419418,-40.41917258114346,0.7149011686767807
7,8065,-65.01901970532184,-43.61901042173856,0.0,9.592393248982207,0.1199049156122774,4.360556038227628,0.016277672924271125,0.0,0.07515204170286716,0.00707668506092045,0.8569542339172375,-45.38904355752859,0.6247176148065031
8,9256,-68.71301157819006,-46.755760566294995,0.0,9.497612402526055,0.11872015503157562,4.188077246011755,0.015633820777560842,0.0,0.07262804366078923,0.006817073013471326,0.7784206492557528,-49.096316267254444,0.5485078153474768
9,10406,-67.25522202455484,-49.033478506101645,0.0,10.048826525192977,0.1256103315649124,4.327826086956522,0.01615549413859615,0.0,0.07782608695652178,0.007008179997032186,0.7219549600083738,-51.57947930219252,0.487936721921804
10,11557,-63.29538524482696,-50.45966917997417,31.968792092544803,9.822938660489388,0.12278673325611718,4.251954821894005,0.015872271626097428,0.0,0.0786272806255431,0.006937227014348679,0.6732161713293513,-53.25382187039001,0.43746095202596813
11,12749,-64.48499375982965,-51.73469868723376,31.968792092544803,9.601303140556423,0.12001628925695525,4.033557046979865,0.015057006894656015,0.0,0.07676174496644306,0.006610927943972316,0.6280449313796483,-54.327319805591536,0.39372690652578307
12,13940,-70.93498560922218,-53.33472259739946,31.968792092544803,9.668549750284178,0.12085687187855222,4.215785054575987,0.015737252230179008,0.0,0.07206828995242098,0.006788864435484554,0.5876731852674035,-54.87899772302726,0.3569884588084751
13,15132,-66.94257748044681,-54.38148066532619,31.968792092544803,9.420090432189307,0.11775113040236639,4.123322147651007,0.015392094194516209,0.0,0.07410514541387028,0.006664166113108987,0.5494943011064213,-55.03532996394712,0.32582394752937305
14,16324,-67.57010017769339,-55.32352491620956,31.968792092544803,9.581724989851718,0.11977156237314655,4.1619127516778525,0.015536150416886064,0.0,0.07592281879194639,0.006723667596261752,0.5172011408394318,-54.88940267892537,0.2991991790828573
15,17473,-68.76719327003106,-56.21976947313099,31.968792092544803,10.130726112258339,0.12663407640322938,4.219321148825065,0.01575045224070784,0.0,0.07702349869451712,0.006842090020406514,0.48920788592211745,-54.52953335207125,0.27705025464307664
16,18626,-58.98442169628928,-56.39256023707838,31.968792092544803,9.722640340883647,0.1215330042610454,4.21856027753686,0.015747611957528742,0.0,0.0813819022838973,0.006763314428305434,0.4683658747514898,-54.01370058016134,0.25768627526036286
17,19779,-69.92065865447228,-57.18833073221919,31.968792092544803,9.978525595619198,0.12473156994524025,4.305290546400694,0.016071370427050313,0.0,0.07458803122289688,0.0070061332804466,0.4525956205686241,-53.38373979070403,0.2407122890251279
18,20927,-67.4554472494658,-57.75872609428845,31.968792092544803,9.96234947541402,0.12452936844267536,4.300522648083624,0.016053572171813853,0.0,0.07752613240418134,0.006968362399067666,0.43608970415189574,-52.66956905963124,0.22580255384544792
19,22121,-66.24913325999945,-58.20558962932588,31.968792092544803,9.279218162141676,0.11599022702677081,4.233668341708543,0.01580400938137783,0.0,0.07384142936906767,0.006899989852562004,0.421688447534865,-51.85964616297142,0.21207153715341137
20,23314,-63.38511791826225,-58.4645660437727,-46.293353229973526,9.245631339644026,0.11557039174555,4.152556580050294,0.015501224434914558,0.0,0.07571947471360725,0.006811902623094325,0.4069010372455854,-51.0012197776437,0.19988134118558487
21,24464,-57.75816815597888,-58.43092804911585,-46.293353229973526,9.279100517019216,0.11598875646274026,4.2382608695652175,0.015821152990057794,0.0,0.07579710144927547,0.006845878468615508,0.3916581956871442,-50.141605523705564,0.1893596140326333
22,25613,-63.60391030936747,-58.66606360640001,-46.293353229973526,9.401578686923333,0.11751973358654158,4.16710182767624,0.015555520901095127,0.0,0.07470263997679145,0.0068290945977656625,0.37696337894028925,-49.261963832725776,0.1798758612549038
23,26761,-70.40438803701595,-59.176425538165915,-46.293353229973526,10.001420973438638,0.125017762167983,4.2665505226480835,0.01592675643053354,0.0,0.0749128919860629,0.0069098320569383025,0.36408081239967466,-48.36856815245515,0.17128828104091215
24,27919,-62.50144907036579,-59.314968185340916,-46.293353229973526,9.552735957184131,0.11940919946480161,4.182210708117443,0.015611921372025363,0.0,0.07714450201496847,0.006801807576909679,0.3515863625586846,-47.46043679808202,0.1634130472305192
25,29111,-60.83456254581364,-59.375751959759825,-46.293353229973526,9.132929275674147,0.1141616159459269,4.185402684563758,0.015623836813111226,0.0,0.07578299776286364,0.006823880620519039,0.33924096264430165,-46.52390525846368,0.15602729347882566
26,30266,-61.671899798581094,-59.46406533817603,-46.293353229973526,9.442396013942885,0.11802995017428622,4.238961038961039,0.015823766677008994,0.0,0.07604617604617617,0.006822706588064934,0.3283993030556409,-45.619122035488,0.1494794102817086
27,31457,-59.35052303637806,-59.459860067739065,-46.293353229973526,8.966235876262193,0.11207794845327743,4.240134340890008,0.015828146537025287,0.0,0.07220822837951306,0.006907967320317626,0.3177102903706338,-44.693420007331646,0.14328209475914688
28,32608,-54.62083298098107,-59.28703767178342,-46.293353229973526,9.254504749490344,0.11568130936862935,4.238922675933971,0.015823623470316562,0.0,0.0761656530553143,0.006771823284693809,0.30786715450903396,-43.80781963403281,0.13776261706922013
29,33765,-55.89109421822958,-59.16993617338502,-46.293353229973526,9.321150607546816,0.11651438259433508,4.235090751944685,0.015809319146551124,0.0,0.07692307692307698,0.006849629499617975,0.29862996005653986,-42.92829245629387,0.1326245861657945
30,34918,-54.65843494448748,-59.01955279908843,-40.154485670488725,9.163785342692469,0.11454731678365582,4.2098872506504765,0.015715236110576594,0.0,0.07444348077479045,0.006896055400809271,0.2899204036857857,-42.06385602608835,0.127871794263522
31,36110,-53.186087411490035,-58.83137649626268,-40.154485670488725,8.760929416623478,0.10951161770779361,4.131711409395973,0.015423410764596647,0.0,0.07382550335570467,0.0067142726252376285,0.28148811389122974,-41.18429200756226,0.12330323044669224
32,37302,-52.388008851918336,-58.63002125737692,-40.154485670488725,8.524763756705832,0.10655954695882298,4.072986577181208,0.015204194774033846,0.0,0.07312639821029086,0.006623454572004466,0.2734230653025355,-40.32045999751009,0.11905004139637208
33,38459,-49.82234976190284,-58.36312212115043,-40.154485670488725,8.764344811556114,0.10955431014445148,4.315471045808125,0.01610937357116939,0.0,0.07519446845289547,0.007014175474408615,0.26593660705534294,-39.49802028070683,0.1151933154247231
34,39610,-38.941491065275436,-57.79189767833058,-40.154485670488725,8.24771972598111,0.10309649657476366,4.265855777584709,0.015924162992263673,0.0,0.07471763683753267,0.0069015517001094024,0.2588651301496223,-38.69607760839892,0.11159707182458371
35,40763,-24.294319411812904,-56.83482401357293,-40.154485670488725,7.676093622134775,0.09595117027668472,4.233304423243712,0.015802650897347403,0.0,0.08037004914715247,0.006815115783428883,0.25214269971659475,-37.909950174489914,0.1082130922080785
36,41912,-7.929318899781457,-55.47633776041206,-40.154485670488725,6.315170526810473,0.0789396315851308,4.180156657963447,0.01560425373599826,0.0,0.07513780098636504,0.00674137549493994,0.24574802143125557,-37.14378963926017,0.10504005765571438
37,43063,4.792498272213489,-53.847450300070825,-40.154485670488725,5.72967408270788,0.0716209260338486,4.086880973066898,0.015256061652873371,0.0,0.075876049811758,0.006661554131590566,0.23963868246891146,-36.3943271511889,0.10204638042344735
38,44214,11.66332101081514,-52.123482633994875,-40.154485670488725,5.386093107353251,0.06732616384191575,4.071242397914856,0.01519768386593639,0.0,0.075876049811758,0.00659993313426816,0.2338326325000822,-35.66383271034114,0.09922368430474215
39,45364,15.889457085895232,-50.37956110271565,-40.154485670488725,5.330074536723784,0.06662593170904733,4.154782608695652,0.015509534055497754,0.0,0.07739130434782616,0.006716037245882166,0.22830353943486184,-34.95369987937026,0.09655895496962161
40,46558,14.405438814230136,-48.759936104792004,31.960079263279596,4.930241899385009,0.06162802374231256,3.946398659966499,0.014731650287844098,0.0,0.07272473478503637,0.006390384802282158,0.22286840670546954,-34.237394009022296,0.0939431896564282
41,47751,19.75957306558604,-47.088728564051074,31.960079263279596,4.626727765255019,0.057834097065687796,3.9589270746018443,0.014778418047255068,0.0,0.07264599050013981,0.006376967177706114,0.21768907724691886,-33.54311643915519,0.09147137996553624
42,48942,23.383487749232085,-45.41081865183005,31.960079263279596,4.498034124913075,0.056225426561413425,4.137699412258606,0.01544576359098234,0.0,0.07500699692135465,0.006766924430383729,0.2127498703941721,-32.8713949909393,0.08913462268422485
43,50096,22.338496213134206,-43.835253189854136,31.960079263279596,4.363918118821654,0.054548976485270656,4.109185441941074,0.01533932278881579,0.0,0.07264586943963035,0.006598949491603609,0.20816633404368273,-32.240439488372346,0.08698319627420388
44,51248,24.50849375215253,-42.28198621389944,31.960079263279596,4.468707675576646,0.055858845944708,4.079861111111111,0.015229856963405288,0.0,0.07508680555555568,0.006629848371729224,0.20375837881967984,-31.629713287576916,0.08493810479050395
45,52401,37.13376672713087,-40.517191704098764,31.960079263279596,3.8840549114642813,0.04855068639330354,4.0849956634865565,0.015249023914465533,0.0,0.0799363978028333,0.006607910362935082,0.1995345806953853,-31.036848664415263,0.08298700590131942
46,53559,35.54768286110256,-38.86360747442047,31.960079263279596,3.9130304919869867,0.048912881149837314,4.073402417962003,0.015205747080702792,0.0,0.07815198618307435,0.006643850908062024,0.19546073357082086,-30.459493539804193,0.08111748351225115
47,54710,30.261193830329635,-37.39286702112791,31.960079263279596,3.8459103030269706,0.048073878787837074,4.161598609904431,0.015534977746016884,0.0,0.07370402548508549,0.006625878817351275,0.19156996796925155,-29.90322141757555,0.07934323566515748
48,55859,32.35615392928124,-35.939762417994395,31.960079263279596,3.874274943402056,0.04842843679252568,4.059181897302001,0.015152662799228837,0.0,0.07470263997679143,0.0066569052477744245,0.18783959253825744,-29.364754266303414,0.07764820933421351
49,57007,38.59657056341122,-34.418612765312645,31.960079263279596,3.789967246014802,0.04737459057518499,4.093205574912892,0.015279670981436741,0.0,0.07897793263646934,0.006711479230833252,0.18424627611502165,-28.843100024231354,0.0760252488113926
50,58200,34.96127603373717,-33.031014989331645,49.548183346997554,3.56015065498332,0.044501883187291556,4.008382229673093,0.014963030934146438,0.0,0.07362391729533402,0.006442676849311522,0.18065616209198299,-28.317965164658332,0.07441036972449482
1,3600,-691.1916234226392,-691.1916234226392,0.0,12.772147643746244,0.15939963478735744,27.4375,0.10242240827645153,0.0,0.03550925925925952,0.04679026829730753,0.01861111111111106,0.0,1.780520765411477,-15.871099334265944,1.1146276598167102
2,7200,-811.4143481007021,-751.3029857616707,0.0,14.421771601551248,0.18019111540765642,27.36638888888889,0.10215695510997493,0.0,0.03347222222222245,0.0466845018012894,0.01712962962962956,0.0,0.5139191982431004,-41.147233857037456,0.6917378591997401
3,10800,-815.2853859708324,-772.6304524980579,0.0,14.69117786438099,0.1826601443199464,27.442777777777778,0.10244210987865163,0.0,0.033240740740741,0.046664800199089904,0.018194444444444374,0.0,0.6938571483116474,-51.26538627349349,0.47037357454070094
4,14400,-804.1044986948085,-780.4989640472456,0.0,13.791488722165163,0.17226917599670216,29.1275,0.10873106868600776,0.0,0.0328703703703706,0.049492498577929554,0.018148148148148083,0.0,0.8872206196954832,-53.937259522097676,0.3451497648553376
5,18000,-758.8125681899292,-776.1616848757824,0.0,13.06951621376656,0.16278909070576456,30.263055555555557,0.11297002393818832,0.0,0.03259259259259281,0.051362076934015975,0.01828703703703697,0.0,1.4222280116183472,-53.62646373242297,0.26920499367571504
6,21600,-778.5072094970899,-776.5526056460003,0.0,14.378079073421704,0.17849042823976902,28.23777777777778,0.1054097933257505,0.0,0.03314814814814836,0.04769861585134626,0.01902777777777772,0.0,2.2798303237888744,-52.56826266486567,0.22044748112576942
7,25200,-764.8329998051128,-774.8783762401592,0.0,14.144074623749217,0.17572588258204283,27.393055555555556,0.10225650004740347,0.0,0.03351851851851876,0.046385866989002655,0.018287037037036984,0.0,3.670114062822478,-51.61268453034744,0.18788773458892175
8,28800,-749.1252337432268,-771.6592334280427,0.0,13.311050934454855,0.16604976143262554,27.868333333333332,0.10403068117178693,0.0,0.03324074074074095,0.046774714400834236,0.01749999999999994,0.0,5.146246758901938,-50.89384544735872,0.16466617390975744
9,32400,-764.9700686931862,-770.9159929019476,0.0,13.837382885759613,0.1726770339612201,27.886388888888888,0.10409808138983846,0.0,0.03273148148148171,0.047112752417520005,0.01777777777777771,0.0,6.616003108316376,-50.32633079050469,0.14734264853815282
10,36000,-788.0482033815008,-772.6292139499029,-677.9956077903541,14.399038039678967,0.17937071344859934,28.843055555555555,0.10766925602009958,0.0,0.03254629629629652,0.04921460229427385,0.01749999999999994,0.0,8.323606013805817,-50.020549549894824,0.1338358600255762
11,39600,-752.4439861529434,-770.7941932410885,-677.9956077903541,13.644930909368505,0.17016141395904424,27.744166666666665,0.10356717505688372,0.0,0.03305555555555578,0.047357467055365844,0.01782407407407401,0.0,10.31383146066959,-50.015710812792506,0.12305371606840693
12,43200,-757.0901089726289,-769.6521862187168,-677.9956077903541,13.599015630824093,0.16938317382582727,29.54861111111111,0.11030304915623965,0.0,0.03365740740740763,0.049824315036025836,0.017824074074074023,0.0,12.474937151566587,-50.25238538803535,0.11397785282588187
13,46800,-765.6539551899233,-769.3446299857327,-677.9956077903541,13.734339374413501,0.17091866342035486,29.857777777777777,0.11145714827455529,0.0,0.03388888888888917,0.04931829493742897,0.01884259259259253,0.0,14.558869454370205,-50.79683749522245,0.10642858293186526
14,50400,-750.0797005867836,-767.9685636000935,-677.9956077903541,13.002350549546112,0.1619011190323554,31.79111111111111,0.11867415623815035,0.0,0.03416666666666687,0.052351304749715805,0.01912037037037032,0.0,16.515627609090654,-51.46893843851169,0.09998925526694527
15,54000,-738.28832031708,-765.9898807145594,-677.9956077903541,13.567530249382107,0.1687773716614328,28.961111111111112,0.108109949753509,0.0,0.03337962962962989,0.04856133864239659,0.018749999999999947,0.0,18.640916153080774,-52.17131416872896,0.09459558762875106
16,57600,-736.2148540968774,-764.1289415509542,-677.9956077903541,13.533779427082457,0.1681713068113444,28.84888888888889,0.10769103147516214,0.0,0.0342129629629632,0.04877390856086474,0.018425925925925873,0.0,21.021019977615452,-52.97660033336927,0.09000290481006638
17,61200,-732.1495236049549,-762.2477993188365,-677.9956077903541,12.918448955424665,0.16136324687801157,29.095555555555556,0.1086118221463799,0.0,0.033009259259259516,0.04937325203830116,0.01810185185185179,0.0,24.173406231025783,-53.91365424331947,0.08604521525757507
18,64800,-734.5777854422507,-760.7105763256928,-677.9956077903541,13.227816951468048,0.16478470925471758,28.862222222222222,0.10774080394387685,0.0,0.03273148148148173,0.04923741467576823,0.01819444444444438,0.0,27.35959709055125,-55.00073066969148,0.08260984624984676
19,68400,-722.3702993512637,-758.6926670112492,-677.9956077903541,12.717757821632507,0.1585199945295208,29.45611111111111,0.10995775265453318,0.0,0.033287037037037254,0.050074214306029534,0.018148148148148087,0.0,31.429936227496036,-56.23342653221621,0.07952979316759533
20,72000,-741.8478980438664,-757.8504285628801,-630.2154204039953,13.254736238106236,0.16498577941657086,28.997222222222224,0.10824475018961122,0.0,0.03342592592592617,0.04907461722601441,0.01736111111111105,0.0,36.31259601948761,-57.54428273938157,0.07670227712761357
21,75600,-720.5817064185121,-756.0757275083864,-630.2154204039953,13.266420641342926,0.16554053231686267,27.996666666666666,0.1045097411831643,0.0,0.03384259259259279,0.047342950085324395,0.018009259259259208,0.0,41.938849452140474,-58.9938199933551,0.0743015575342497
22,79200,-704.3249800229164,-753.7234208045014,-630.2154204039953,12.924919329862774,0.16083029494765164,27.883333333333333,0.10408667519909137,0.0,0.033750000000000266,0.047159414106939884,0.0177777777777777,0.0,48.55744073140775,-60.5999554515734,0.07214228757391344
23,82800,-709.7634370270825,-751.8121171620049,-630.2154204039953,13.034525141997637,0.16291759435556483,27.330277777777777,0.1020221546738726,0.0,0.034768518518518754,0.0459907980185818,0.016990740740740678,0.0,58.63451594809094,-62.501152290986084,0.07020553646006075
24,86400,-717.8242488289242,-750.3959559814599,-630.2154204039953,12.79300566456323,0.15907843186312148,28.1575,0.10511012158703156,0.0,0.03166666666666693,0.04762706792756916,0.01578703703703697,0.0,74.54909583177908,-64.81425378554952,0.06861246495139968
25,90000,-687.0419122863572,-747.8617942336558,-630.2154204039953,12.300630021296808,0.15359278758336722,27.19638888888889,0.101522356133865,0.0,0.033888888888889135,0.04608204754455827,0.01685185185185179,0.0,98.26809469565475,-67.5740298867413,0.06729015012361055
26,93600,-705.2204201101866,-746.2217413827531,-630.2154204039953,12.722304166973853,0.1579423626558156,27.808888888888887,0.10380877891543569,0.0,0.034166666666666914,0.04718637419416012,0.017222222222222174,0.0,133.08161797137635,-71.14588691483696,0.06615282880096013
27,97200,-670.8174718555148,-743.4289906595221,-630.2154204039953,11.672420001136393,0.14508198828397578,27.400277777777777,0.102283460134624,0.0,0.03370370370370391,0.046605695392491424,0.017592592592592535,0.0,194.58826319104705,-75.8796339904283,0.06559283659983248
28,100800,-668.4384721893855,-740.7507578570172,-630.2154204039953,11.339005090936288,0.14160084492040173,28.94527777777778,0.1080508449469101,0.0,0.03356481481481504,0.048963666097838414,0.016990740740740674,0.0,285.56326812857867,-81.9647827491403,0.06581832648755888
29,104400,-689.2071471687565,-738.973391971215,-630.2154204039953,12.073997744664876,0.15045394741763637,28.469444444444445,0.10627458996966392,0.0,0.03476851851851879,0.048151752701934114,0.017916666666666605,0.0,381.3018477372895,-89.44606666555886,0.06610905739445821
30,108000,-716.4944263159218,-738.2240931160387,-605.31318892179,12.930504446152614,0.16018982823479416,30.383333333333333,0.1134190130830507,0.0,0.03305555555555583,0.051356892301858165,0.01791666666666658,0.0,464.5041844670463,-97.71191401640775,0.06650258069485164
31,111600,-726.9369796323251,-737.8599926810801,-605.31318892179,13.472411980498821,0.16666695291095968,28.33416666666667,0.10576960679749883,0.0,0.03296296296296319,0.04765817572051586,0.01731481481481474,0.0,537.6799423396113,-106.39337235308803,0.0667518688114088
32,115200,-710.4821371597052,-737.0044346960373,-605.31318892179,12.967668519607956,0.1607511142933474,27.673333333333332,0.10330275881683859,0.0,0.034027777777778004,0.046668947904816085,0.018194444444444388,0.0,611.4640750434871,-115.35011137147035,0.06702240476111557
33,118800,-709.5131487126357,-736.171365423813,-605.31318892179,12.571072212464617,0.15638769153101842,29.089166666666667,0.10858797283845395,0.0,0.03384259259259283,0.048865158086841186,0.018842592592592536,0.0,681.4513866414749,-124.34273967315147,0.06759330351154168
34,122400,-709.6706604471428,-735.3919329244991,-605.31318892179,12.785737257197702,0.15952028009756083,29.11888888888889,0.10869892396663046,0.0,0.03458333333333358,0.04904143558020477,0.01870370370370366,0.0,754.1114359252219,-133.38456982798297,0.0681782153962695
35,126000,-724.4017135390733,-735.0779266563442,-605.31318892179,13.080963444199233,0.16313403823058936,29.217777777777776,0.10906806977626154,0.0,0.034212962962963195,0.04904454635949933,0.01828703703703697,0.0,826.2644070175854,-142.56564564956665,0.06870493424296582
36,129600,-696.1395240530901,-733.9963043618094,-605.31318892179,11.756299736742164,0.14692348180882384,30.375,0.11338790529010369,0.0,0.03305555555555581,0.050661114666287484,0.017731481481481407,0.0,900.688101791718,-151.80300154510473,0.06939086213233527
37,133200,-686.0522013081825,-732.7005177927924,-605.31318892179,12.271583834621415,0.15304042952451244,28.570555555555554,0.10665203119074805,0.0,0.03416666666666693,0.048047023132347294,0.017685185185185116,0.0,973.9790108867559,-160.90133629394248,0.07016484738173624
38,136800,-690.5796368750824,-731.5920735581158,-605.31318892179,12.175414437130893,0.15203300515771329,29.516944444444444,0.11018483954304224,0.0,0.034444444444444715,0.05013850374478588,0.017916666666666598,0.0,1040.9597314725306,-169.87116033140217,0.07078543368304689
39,140400,-714.681304092872,-731.158464084648,-605.31318892179,13.280466996080182,0.16528162923656836,28.955277777777777,0.10808817429844697,0.0,0.0355555555555558,0.049077728005309185,0.01856481481481477,0.0,1106.8358462006472,-178.73347058903886,0.07139487605467086
40,144000,-738.97583420804,-731.3538983377327,-584.7217277284058,13.890094141493002,0.17197605076155142,29.22277777777778,0.10908673445202995,0.0,0.03370370370370399,0.049716474687144505,0.018287037037036966,0.0,1175.2679268271563,-187.42922346856236,0.07205276164260772
41,147600,-727.1860556612626,-731.2522436383067,-584.7217277284058,13.464691108103187,0.16763589714381585,28.4575,0.10623000213310725,0.0,0.033611111111111355,0.04829277469662507,0.017499999999999922,0.0,1246.625262870145,-195.89969208076056,0.07263323456417524
42,151200,-713.6603068436732,-730.8333880003393,-584.7217277284058,13.043106812376633,0.16208624674159716,28.831666666666667,0.10762674203640638,0.0,0.03449074074074102,0.049260227057262275,0.0178703703703703,0.0,1310.8506693384336,-203.9000517666291,0.07311896520687472
43,154800,-701.2964843840676,-730.1464832650771,-584.7217277284058,12.88549445028699,0.16011971629371752,27.60861111111111,0.1030611549582866,0.0,0.03393518518518542,0.047116900123246264,0.018148148148148094,0.0,1375.1129983028138,-211.47418589953358,0.0735785112980382
44,158400,-691.0798112849856,-729.2586043564387,-584.7217277284058,12.3611196388481,0.15381139185021708,27.83277777777778,0.1038979545885493,0.0,0.03328703703703726,0.04776705299582835,0.017592592592592535,0.0,1438.485119016087,-218.5503940093485,0.07401834130458092
45,162000,-694.1885765659713,-728.4792704055393,-584.7217277284058,12.358378315478213,0.15369134109984794,28.815,0.10756452645051306,0.0,0.03398148148148174,0.04906943259385658,0.01782407407407401,0.0,1498.462880705854,-225.3592784430691,0.07445759640947207
46,165600,-679.6204521844795,-727.4171221833423,-584.7217277284058,12.264674359615153,0.15191572636943718,29.43888888888889,0.1098934632157767,0.0,0.03472222222222253,0.049728917804323196,0.018240740740740675,0.0,1555.575785817589,-231.6050675282231,0.07488369004214439
47,169200,-683.7112179514146,-726.4872093273439,-584.7217277284058,12.418208780874842,0.15460424580127485,28.68027777777778,0.10706161713121096,0.0,0.03537037037037065,0.04871376682783476,0.017824074074073996,0.0,1608.0086851777296,-237.43478526171526,0.07513531512453997
48,172800,-691.7560051024517,-725.7636425726586,-584.7217277284058,12.819956325726306,0.15999334466234266,28.03611111111111,0.10465698473644415,0.0,0.03430555555555584,0.047339839306029696,0.0177777777777777,0.0,1659.0205481504286,-242.91882260648234,0.07537433868797397
49,176400,-717.9403227940405,-725.6039829853398,-584.7217277284058,13.08656294487259,0.16334337455501216,29.77027777777778,0.1111305164486171,0.0,0.03412037037037063,0.04979113339021608,0.017685185185185113,0.0,1704.6781057738633,-247.9920746882892,0.07563075752552062
50,180000,-701.4766991889138,-725.1214373094112,-570.3290929796211,12.833666997034573,0.159926806326068,29.105555555555554,0.10864915149791513,0.0,0.03425925925925953,0.048858936528251934,0.01749999999999993,0.0,1745.7771821494428,-252.61497368616722,0.07587762789324802
51,183600,-700.1749665597775,-724.6322908241243,-570.3290929796211,12.414436744281268,0.1546542390932773,30.1675,0.11261332124573459,0.0,0.03458333333333361,0.05004414343951474,0.018379629629629576,0.0,1785.210246743313,-256.8762893772503,0.07613552669910317
52,187200,-732.6188248907253,-724.7858780177128,-570.3290929796211,12.83455153333098,0.15965908482014093,31.48027777777778,0.11751383556124581,0.0,0.032962962962963166,0.052191618079256805,0.017407407407407347,0.0,1827.9142589767698,-260.8351178745215,0.07630479157927535
53,190800,-742.1417039143109,-725.1133464308562,-570.3290929796211,13.540152915456003,0.1681238425966776,30.805,0.11499306740614484,0.0,0.03425925925925954,0.05145332645999259,0.01731481481481475,0.0,1874.0688322132376,-264.44598150210476,0.07630988127401658
1,1150,-32.88273523279439,-32.88273523279439,0.0,8.149976430052922,0.10187470537566155,4.257391304347826,0.01589256566256114,0.0,0.0797101449275364,0.006952997477370512,0.0,0.0,0.0
2,2303,21.99392411093154,-5.444405560931424,0.0,5.3401192368474435,0.06675149046059319,4.2601908065915,0.01590301602289909,0.0,0.08008094825093971,0.006934906417151856,0.0,0.0,0.0
3,3459,14.688541317095034,1.2665767317440622,0.0,5.296627905834715,0.06620784882293393,4.309688581314879,0.016087788006188167,0.0,0.0732410611303345,0.007013784734933903,0.0,0.0,0.0
4,4612,17.36885920258849,5.292147349455169,0.0,5.412702779933529,0.06765878474916914,4.333911535125758,0.016178210721992416,0.0,0.07690083839259908,0.007035271542703539,0.0,0.0,0.0
5,5805,15.517615252364704,7.337240930037076,0.0,5.1875769861254515,0.06484471232656816,4.188600167644593,0.015635772810106616,0.0,0.07264599050013971,0.006877612294699745,0.0,0.0,0.0
6,6953,20.624055192382112,9.551709973761248,0.0,5.500305185441389,0.06875381481801743,4.330139372822299,0.01616412948472482,0.0,0.08042973286875736,0.007069164654957117,0.0,0.0,0.0
